Date,0
2015-03-02,
2015-03-03,-0.0038874346751471087
2015-03-04,-0.01117248885225175
2015-03-05,-0.0010189525168127211
2015-03-06,-0.014488801244128139
2015-03-09,-0.0030027745387677753
2015-03-10,-0.01637045876812789
2015-03-11,-0.002061285322033054
2015-03-12,0.01776365736835402
2015-03-13,-0.006692971596263216
2015-03-16,0.009039759039759138
2015-03-17,-0.0053913984258908325
2015-03-18,0.017999468059233838
2015-03-19,-0.009355255609721983
2015-03-20,0.002360354195687364
2015-03-23,0.0015411779745622134
2015-03-24,-0.005751184167028281
2015-03-25,-0.013659131588037776
2015-03-26,0.001966943818734708
2015-03-27,-0.0004581081492657606
2015-03-30,0.008322413236582374
2015-03-31,-0.00979571877438016
2015-04-01,0.006888258444734433
2015-04-02,0.008612315670867288
2015-04-06,0.005102644221524066
2015-04-07,-0.005818232437791486
2015-04-08,-0.011200479146728318
2015-04-09,2.576739296304244e-06
2015-04-10,0.003059767655727056
2015-04-13,0.0010188024836311391
2015-04-14,-0.00290078840584318
2015-04-15,0.0055020621044309746
2015-04-16,-0.003647622510796681
2015-04-17,-0.007388709768214004
2015-04-20,0.00983406710158093
2015-04-21,-0.004869705086292734
2015-04-22,0.006794146373378495
2015-04-23,0.031022443245221815
2015-04-24,-0.004417940614259559
2015-04-27,0.0019012996788813443
2015-04-28,0.018186507337746217
2015-04-29,-0.0024399420488226964
2015-04-30,-0.0024996334798121906
2015-05-01,-0.004432281526874471
2015-05-04,0.0028579131655002143
2015-05-05,-0.018475735352622365
2015-05-06,-0.0097166342181542
2015-05-07,0.00040463093812085715
2015-05-08,0.009141141205562715
2015-05-11,-0.0062179908327524664
2015-05-12,0.0021792754775446324
2015-05-13,0.005492365866503367
2015-05-14,0.006131794087284777
2015-05-15,0.0027059110747236948
2015-05-18,0.009214445890723325
2015-05-19,-0.009895337058382784
2015-05-20,0.005790999805151594
2015-05-21,0.010074245416905528
2015-05-22,-0.008780663694083368
2015-05-26,-0.002044894767683066
2015-05-27,0.006395833822129936
2015-05-28,-0.003062965249356342
2015-05-29,-0.005653699862489685
2015-06-01,-0.005150525101362971
2015-06-02,-0.0003477046387498165
2015-06-03,0.012592611544881708
2015-06-04,-0.0020882864945271917
2015-06-05,-0.01926036961477854
2015-06-08,0.00186779969790285
2015-06-09,-0.002244513380138831
2015-06-10,0.004972159165080573
2015-06-11,0.0051085704707347634
2015-06-12,-0.007955488451431495
2015-06-15,-0.006381273047939783
2015-06-16,0.008016018764131456
2015-06-17,0.001445352215467969
2015-06-18,0.007740403826716665
2015-06-19,-0.0027342450645048144
2015-06-22,0.0014442952235544926
2015-06-23,0.018235658901323577
2015-06-24,-0.0057628234675415335
2015-06-25,0.008510259217070344
2015-06-26,0.00015917228547161302
2015-06-29,-0.01240982932279322
2015-06-30,-0.005799730127508118
2015-07-01,0.0037275394897149368
2015-07-02,0.004417221461228138
2015-07-06,-0.0033689583362980966
2015-07-07,0.004483508511520388
2015-07-08,-0.022991471575946533
2015-07-09,-0.009955004927847547
2015-07-10,0.010372405301027824
2015-07-13,0.005843644141516613
2015-07-14,0.006070206810760166
2015-07-15,-0.007965658306022656
2015-07-16,0.011775525814860558
2015-07-17,-0.004516731493816817
2015-07-20,0.0014775394024345208
2015-07-21,-0.014134632759274622
2015-07-22,-0.009475661803796146
2015-07-23,-0.0073317601030002955
2015-07-24,0.004843972503831876
2015-07-27,-0.0009371566028905839
2015-07-28,0.0006306455684591168
2015-07-29,0.011857680246233645
2015-07-30,0.0029014760749521695
2015-07-31,-0.00029234365033029925
2015-08-03,-0.0002528886872670278
2015-08-04,-0.0036677759758175035
2015-08-05,-0.0004070600757302885
2015-08-06,-0.006435368745775253
2015-08-07,-0.002514200075760531
2015-08-10,0.01736325577770555
2015-08-11,0.00011948104802894655
2015-08-12,-0.010370511841100011
2015-08-13,-0.005438806971374073
2015-08-14,0.003543350234326429
2015-08-17,0.0037347997213417194
2015-08-18,0.00191625575061168
2015-08-19,5.3611376407580735e-05
2015-08-20,-0.011889781246871121
2015-08-21,-0.01673900586588391
2015-08-24,-0.0300054544028816
2015-08-25,-0.020977828303689584
2015-08-26,0.03137858743584173
2015-08-27,0.022897795477516764
2015-08-28,-0.0038564189311673194
2015-08-31,-0.002236465034238355
2015-09-01,-0.0257124127896066
2015-09-02,0.01365428859144265
2015-09-03,0.007188408211932228
2015-09-04,-0.016246909814239263
2015-09-08,0.01975889726893746
2015-09-09,-0.01080201524552952
2015-09-10,-9.606482368273997e-05
2015-09-11,0.0013690754056077854
2015-09-14,-0.004046865562741956
2015-09-15,0.011606599558406778
2015-09-16,0.00032910722380726426
2015-09-17,-0.010166117361746625
2015-09-18,-0.00954167727275205
2015-09-21,0.001924953710836119
2015-09-22,-0.008690732128232126
2015-09-23,-0.004822228829575688
2015-09-24,-0.0010296417438003431
2015-09-25,0.00555047023211593
2015-09-28,-0.012485165769163364
2015-09-29,0.0019524032721138043
2015-09-30,0.0104486574602665
2015-10-01,-0.005236713315506347
2015-10-02,0.0013232306405603538
2015-10-05,0.025161453470276946
2015-10-06,-0.0019385146710901116
2015-10-07,-0.005391404486999374
2015-10-08,0.008524706353272071
2015-10-09,-0.005717166165069823
2015-10-12,0.004275431561024871
2015-10-13,-0.0011501343329785028
2015-10-14,-0.0017768709373818432
2015-10-15,0.009561062130801323
2015-10-16,0.0069920534000605565
2015-10-19,-0.003941275002463218
2015-10-20,0.006405674064583551
2015-10-21,-0.005762845073189878
2015-10-22,0.01479629747574466
2015-10-23,-0.0023575948460080967
2015-10-26,-0.0001364633961340455
2015-10-27,-0.010278776190058606
2015-10-28,0.006453703263478382
2015-10-29,0.002019534065131038
2015-10-30,0.0026534422803502116
2015-11-02,0.0012784206164664727
2015-11-03,-0.0019547249068303145
2015-11-04,-0.00519814981433823
2015-11-05,-0.0023542705981844936
2015-11-06,-0.006629583174274385
2015-11-09,-0.00992842993263517
2015-11-10,-0.0024866926763338717
2015-11-11,0.00426909850068317
2015-11-12,-0.008261757353406507
2015-11-13,-0.012210864873863431
2015-11-16,0.021166870167126445
2015-11-17,0.004735096916811102
2015-11-18,0.007830625779554474
2015-11-19,0.004381385432355407
2015-11-20,-0.0019020427817275272
2015-11-23,-0.006898685021619499
2015-11-24,8.71106332942518e-05
2015-11-25,-0.000793627597854581
2015-11-27,0.004692015168637227
2015-11-30,0.0036072428758249227
2015-12-01,0.0029334306562029213
2015-12-02,-0.008972369809813491
2015-12-03,-0.01180927838516436
2015-12-04,0.028945029931242146
2015-12-07,0.005679460305359966
2015-12-08,-0.010775708876700207
2015-12-09,-0.007994466513030596
2015-12-10,0.0016919553708353665
2015-12-11,-0.013577562121251422
2015-12-14,0.013327755802629607
2015-12-15,0.0049000733406674435
2015-12-16,0.01865888594417068
2015-12-17,-0.010108978814258466
2015-12-18,-0.012328494975617017
2015-12-21,0.012209784411276957
2015-12-22,0.009453296871261877
2015-12-23,0.01155631664354025
2015-12-24,-0.0040041128750259265
2015-12-28,0.0022088960424145503
2015-12-29,0.0065403100250457
2015-12-30,-0.0067329866559760285
2015-12-31,-0.01025264929654294
2016-01-04,-0.0036866125907316634
2016-01-05,0.009236088699504947
2016-01-06,-0.017239987938586276
2016-01-07,-0.012596013238294512
2016-01-08,-0.0026429835720911767
2016-01-11,0.010082702502126987
2016-01-12,-0.0021646555794755384
2016-01-13,-0.008933288775875698
2016-01-14,0.016501020505663266
2016-01-15,-0.009293969426415435
2016-01-19,0.013500151008918918
2016-01-20,-0.015127014816900966
2016-01-21,0.023467021906296234
2016-01-22,0.020083064989814787
2016-01-25,-0.0027269041746844636
2016-01-26,0.016266010550509764
2016-01-27,0.006895192373369182
2016-01-28,0.0008035252558025914
2016-01-29,0.016473927454374444
2016-02-01,0.007488353244892017
2016-02-02,-0.0077929893479802646
2016-02-03,0.016943754442966846
2016-02-04,-0.004700680336521342
2016-02-05,0.009956748095586887
2016-02-08,0.002653475574576217
2016-02-09,-0.012139689462920877
2016-02-10,-0.005131762511465113
2016-02-11,-0.007960893205301134
2016-02-12,0.009646174538054275
2016-02-16,0.004155139836678812
2016-02-17,0.0003488846986036501
2016-02-18,0.010475316055845285
2016-02-19,-0.008093105098598915
2016-02-22,0.006662992016309562
2016-02-23,-0.005042249593550559
2016-02-24,0.0077832950263084415
2016-02-25,0.006753890287337934
2016-02-26,-0.0048684785139450435
2016-02-29,-0.005126569785338653
2016-03-01,0.012735291625444031
2016-03-02,0.00962418897999225
2016-03-03,0.003835482892476779
2016-03-04,-0.0015668162852781422
2016-03-07,0.006088753143753974
2016-03-08,0.0008967564081112656
2016-03-09,-0.0026877504272926713
2016-03-10,0.0056651500709401495
2016-03-11,0.0022080153296342164
2016-03-14,-0.0006317127753470894
2016-03-15,0.004304239550792103
2016-03-16,0.007744261884393773
2016-03-17,0.008649483488472645
2016-03-18,-0.011967302025631638
2016-03-21,0.007476257724877404
2016-03-22,-0.006402085346265296
2016-03-23,-0.0034325429847488578
2016-03-24,0.009976339504103038
2016-03-28,0.0022621195310875324
2016-03-29,0.010541516603094362
2016-03-30,-0.0014135935564834057
2016-03-31,-0.0031399426233345014
2016-04-01,-0.0024738389380433525
2016-04-04,0.007822755827689837
2016-04-05,-0.004900719486798007
2016-04-06,-0.012868792342400756
2016-04-07,-0.010329529875250265
2016-04-08,-0.0004009607909583046
2016-04-11,-0.005546003759878829
2016-04-12,0.007058334211120564
2016-04-13,-0.011475596300773624
2016-04-14,0.0034178924488926414
2016-04-15,0.0009762230644193199
2016-04-18,0.005411984525908631
2016-04-19,0.006912479773781547
2016-04-20,-0.005537965940611585
2016-04-21,-0.025886067526383706
2016-04-22,0.007162422039644677
2016-04-25,0.0038363917579075455
2016-04-26,-0.0041950849229029545
2016-04-27,0.01928715584990866
2016-04-28,-0.005698039861496751
2016-04-29,0.002582919214078272
2016-05-02,0.007295103471530728
2016-05-03,-0.007396480568573745
2016-05-04,0.0005383479614281168
2016-05-05,-0.0024005486968450285
2016-05-06,0.006138010320100158
2016-05-09,-0.0024836163734184287
2016-05-10,0.010721847785886288
2016-05-11,-0.004727010468809782
2016-05-12,0.008381098940798637
2016-05-13,-0.010174940196896428
2016-05-16,0.004111365335523661
2016-05-17,-0.005032447547295112
2016-05-18,-0.01459020173316002
2016-05-19,-0.005200837885817081
2016-05-20,0.0003749214880368612
2016-05-23,-0.005744410932354782
2016-05-24,0.0061161936596870374
2016-05-25,0.0038931701618268493
2016-05-26,0.0058705721860904765
2016-05-27,0.005631549929343781
2016-05-31,0.004579547711143217
2016-06-01,-0.010229910148614851
2016-06-02,0.004140789929559722
2016-06-03,0.0073356746204569214
2016-06-06,0.0008356150762049245
2016-06-07,0.01446208459432056
2016-06-08,-0.00030865748885344774
2016-06-09,0.006628888220573318
2016-06-10,0.008610846961036348
2016-06-13,-0.0029471121836080654
2016-06-14,0.005814811955682822
2016-06-15,-0.002429458360334369
2016-06-16,0.007220519014084529
2016-06-17,0.0059468542404429075
2016-06-20,0.0006944357577837179
2016-06-21,0.006849020975890759
2016-06-22,0.0033021631313083777
2016-06-23,0.013310812738626035
2016-06-24,-0.0071939844327753395
2016-06-27,0.01008728752030589
2016-06-28,0.0003285345213197566
2016-06-29,0.009709361079193993
2016-06-30,0.015222042964569821
2016-07-01,0.006339497339463114
2016-07-05,-6.193956506724461e-05
2016-07-06,-0.005436750129374427
2016-07-07,-0.005213887901410086
2016-07-08,-0.004449382554673273
2016-07-11,-0.0013856870785313724
2016-07-12,-0.0043097805897636485
2016-07-13,0.006014426092626997
2016-07-14,0.0018651818557899507
2016-07-15,0.0018704699555763444
2016-07-18,-8.449626696579078e-05
2016-07-19,-0.00261541295681104
2016-07-20,-0.0014139902141736178
2016-07-21,-0.004463999938483898
2016-07-22,0.013645226986639464
2016-07-25,-0.003995540984365793
2016-07-26,-0.01501850712670046
2016-07-27,0.009079286210659157
2016-07-28,-0.005578113314579136
2016-07-29,0.014458169880135522
2016-08-02,-0.010484225427376481
2016-08-03,-0.0009262119703885944
2016-08-04,-0.0007416849658058074
2016-08-05,-0.0005544401901590075
2016-08-08,-0.003863385625332653
2016-08-09,0.002764778013844671
2016-08-10,0.0027888029828444516
2016-08-11,0.003241830537717242
2016-08-12,-0.00298976336494583
2016-08-15,-0.004253453530016678
2016-08-16,-0.02171155193798979
2016-08-17,0.0010015314776844104
2016-08-18,-0.009206767152977486
2016-08-19,-0.008928197776151317
2016-08-22,-0.0009900938698560828
2016-08-23,-0.0004703028307090721
2016-08-24,-0.00030695494508255666
2016-08-25,0.00465840430811341
2016-08-26,-0.010627653399524798
2016-08-29,0.007996886927733962
2016-08-30,-0.0032489353464963213
2016-08-31,0.00021958961103463182
2016-09-01,0.002769692910501072
2016-09-02,0.0018666662702942667
2016-09-06,0.008529660231626787
2016-09-07,0.001892651281449146
2016-09-08,-0.001974981304423714
2016-09-09,-0.03502368589197731
2016-09-12,0.02161277456594394
2016-09-13,-0.019219876922748142
2016-09-14,-0.0010751828043367901
2016-09-15,0.012531207762500532
2016-09-16,-0.004761585428010787
2016-09-19,-0.0066907815075227806
2016-09-20,-0.0012084412443834254
2016-09-21,0.014077760225604882
2016-09-22,0.011958186549211769
2016-09-23,0.004093985038393791
2016-09-26,-0.004861184854813423
2016-09-27,0.007358763573098059
2016-09-28,-0.012539329767971452
2016-09-29,-0.0015742122238205554
2016-09-30,-0.0028595238458631136
2016-10-03,0.001985338566974322
2016-10-04,-0.018209698462651115
2016-10-05,-0.018802012183534646
2016-10-06,-0.0009175173166027228
2016-10-07,-0.006345966286823046
2016-10-10,0.004204050896149465
2016-10-11,-0.0003879473160495565
2016-10-12,0.006593579315493721
2016-10-13,0.0006117545089661484
2016-10-14,-0.002606287309744289
2016-10-17,0.0018443376956459219
2016-10-18,0.00047031232949971497
2016-10-19,0.0010681479900137938
2016-10-20,-0.020562532943299495
2016-10-21,-0.026384964116744958
2016-10-24,-0.011133831170100878
2016-10-25,-0.005452084610986821
2016-10-26,-0.0063678428549297506
2016-10-27,0.008015529472415645
2016-10-28,-0.002448720604408964
2016-10-31,0.004352193063863844
2016-11-01,-0.007217002270005768
2016-11-02,-0.00850029368616086
2016-11-03,0.004268744164203975
2016-11-04,-0.0008725097267875771
2016-11-07,0.008352556418104987
2016-11-08,0.004594440786750864
2016-11-09,0.009579345201774503
2016-11-10,-0.02364022022922981
2016-11-11,-0.0010937927262784086
2016-11-14,-0.01057977486977435
2016-11-15,0.020398784508933877
2016-11-16,0.010830283940625351
2016-11-17,0.004039856613835213
2016-11-18,0.004275646166183551
2016-11-21,0.004859127829423364
2016-11-22,0.022450287661484786
2016-11-23,0.008097012353502464
2016-11-25,0.011182230729092893
2016-11-28,0.008571145125101598
2016-11-29,-0.0020549306065132944
2016-11-30,-0.02128680168193838
2016-12-01,0.004114035301598114
2016-12-02,-0.005030672340678369
2016-12-05,-5.619211936550942e-05
2016-12-06,0.016512678154774196
2016-12-07,0.02538756110599194
2016-12-08,-0.0022811522698692093
2016-12-09,0.0018520317343746484
2016-12-12,0.013965181491182976
2016-12-13,0.0077550382188971145
2016-12-14,-0.008838158087219402
2016-12-15,0.007650355114272292
2016-12-16,0.00569045531673118
2016-12-19,0.011280796407532767
2016-12-20,0.006862729084951298
2016-12-21,-0.002667974109766084
2016-12-22,0.0099448741007034
2016-12-23,0.0003424482211774234
2016-12-27,-0.0014965327756662667
2016-12-28,-0.003274897358943337
2016-12-29,0.004066302953828889
2016-12-30,-0.004264541008890584
2017-01-03,0.01517429596857278
2017-01-04,-0.004240601645508805
2017-01-05,-0.001136794240242637
2017-01-06,-0.029208111697182182
2017-01-09,-0.012019794400262646
2017-01-10,0.0006695996545924565
2017-01-11,-0.005162548362800168
2017-01-12,0.007964417584185757
2017-01-13,-0.0016353864466636483
2017-01-17,0.0036466076454964025
2017-01-18,-0.008124116505193587
2017-01-19,0.0039697282421740825
2017-01-20,0.009608898991969298
2017-01-23,0.006885958730466675
2017-01-24,-0.024723380670718997
2017-01-25,-0.0018441877469571968
2017-01-26,0.0017672822728773316
2017-01-27,0.007087829349337345
2017-01-30,-0.004560854046527581
2017-01-31,0.0029894283143762817
2017-02-01,-0.005798104170352758
2017-02-02,-0.014706060099541968
2017-02-03,0.0032044872344274555
2017-02-06,-0.006844550902187718
2017-02-07,0.001043585189575147
2017-02-08,0.0037489025034261507
2017-02-09,0.004649912806609757
2017-02-10,0.0022906342582611483
2017-02-13,-0.01468727959837764
2017-02-14,-0.0002824003523248148
2017-02-15,0.004741105650179119
2017-02-16,0.0047421504582720875
2017-02-17,0.008738495145428644
2017-02-21,0.005644347461339164
2017-02-22,-0.0006181500336359668
2017-02-23,0.010065631694470056
2017-02-24,0.008437113811729105
2017-02-27,-0.012846409656361597
2017-02-28,-0.0025473897227605473
2017-03-01,0.005197141144862878
2017-03-02,0.0016133938207178269
2017-03-03,-0.00021716950784752181
2017-03-06,-0.0011927431678282843
2017-03-07,-0.005202026543844865
2017-03-08,-0.0036388448425614577
2017-03-09,0.0035269407378245208
2017-03-10,0.006990731709079452
2017-03-13,0.0011253736592226429
2017-03-14,-0.00514682286314061
2017-03-15,0.013186960513596874
2017-03-16,-0.0030127742188820563
2017-03-17,0.005001904853748185
2017-03-20,-0.0039649584838043666
2017-03-21,-0.005874177044638143
2017-03-22,-0.009802851407814376
2017-03-23,-0.000469389123583445
2017-03-24,0.000748792667752074
2017-03-27,-0.0066622159169934525
2017-03-28,0.002210103439315233
2017-03-29,-0.0029139424512959846
2017-03-30,0.004510996362849351
2017-03-31,-0.005458754859559008
2017-04-03,0.003261069456015342
2017-04-04,0.0028055817434634958
2017-04-05,-0.004838774772033168
2017-04-06,-0.01862692012460528
2017-04-07,0.0014188372024424023
2017-04-10,-0.0042711558154702916
2017-04-11,-5.6937462462602956e-05
2017-04-12,0.005640441268736825
2017-04-13,-0.006646389091825947
2017-04-17,0.0016336351694725693
2017-04-18,0.0019728428238054243
2017-04-19,-0.0018962481376134284
2017-04-20,-0.0017879162467922722
2017-04-21,-0.015090072430136603
2017-04-24,9.169485753509244e-05
2017-04-25,-0.0038122985974246384
2017-04-26,0.013056772882378496
2017-04-27,-0.013593642789673935
2017-04-28,-0.010105374046106895
2017-05-01,-0.009133621994152316
2017-05-02,-0.002339584861654013
2017-05-03,-0.007671238596621776
2017-05-04,-0.008720995846876096
2017-05-05,0.015531501407459439
2017-05-08,-0.00025546651688971667
2017-05-09,-0.007550786273736768
2017-05-10,0.0037246286399977477
2017-05-11,-0.002760707470542208
2017-05-12,-0.00043662869285891276
2017-05-15,-0.0016129163895157357
2017-05-16,-0.007424429670948807
2017-05-17,-0.018849385052496927
2017-05-18,0.0129170555707064
2017-05-19,0.007906737465004587
2017-05-22,0.0006146721717710246
2017-05-23,0.0010457516339870132
2017-05-24,-0.006009164233729991
2017-05-25,0.0033962141898817855
2017-05-26,-0.0018446470395790577
2017-05-30,0.013992603836632403
2017-05-31,0.0028287320116114527
2017-06-01,0.004953759495062678
2017-06-02,-0.0005016842256145477
2017-06-05,-0.0015315116881059834
2017-06-06,-0.0008710173599456954
2017-06-07,0.0009470587803591297
2017-06-08,-0.006694186446508395
2017-06-09,0.008846426720425422
2017-06-12,0.008165547333081427
2017-06-13,-0.0118111819952339
2017-06-14,0.0023395824587629415
2017-06-15,0.0017091513275240646
2017-06-16,0.001988262823717372
2017-06-19,-0.0012844867990294828
2017-06-20,-0.008792729794715052
2017-06-21,-0.012640215466570051
2017-06-22,-0.0008003387225115066
2017-06-23,-0.0028448392431791683
2017-06-26,0.006157148948608378
2017-06-27,-0.014493932731261538
2017-06-28,0.004244031830238655
2017-06-29,-0.008819464070771757
2017-06-30,0.0038257719908367793
2017-07-03,0.009252066254177516
2017-07-05,-0.0024176603788254774
2017-07-06,-0.02487529802157144
2017-07-07,-0.0038925299813310126
2017-07-10,-0.0048507452166307585
2017-07-11,-0.006555248003003444
2017-07-12,0.006754135733339087
2017-07-13,-0.009140365815663761
2017-07-14,0.002193522634279447
2017-07-17,0.002418120599938807
2017-07-18,-0.009618446537697018
2017-07-19,0.0032851948761221843
2017-07-20,0.013103408810892706
2017-07-21,-0.00010716770292399738
2017-07-24,-0.00903166323112962
2017-07-25,0.0018750158261489809
2017-07-26,0.03649819241666252
2017-07-27,0.049792028420742554
2017-07-28,-0.006029268459410245
2017-07-31,0.0031984424975664005
2017-08-01,0.0013233735961009816
2017-08-02,-0.015095791874539317
2017-08-03,0.0029398787903884096
2017-08-04,0.004669520077162777
2017-08-07,0.0012205183060987428
2017-08-08,-0.004542899677195307
2017-08-09,-0.002606310013717435
2017-08-10,-0.0043370186494613066
2017-08-11,-0.001293429823634303
2017-08-14,0.011992882912107945
2017-08-15,-0.007937466387651027
2017-08-16,0.0007416229044287699
2017-08-17,-0.014566663981216902
2017-08-18,-0.0054700932544884395
2017-08-21,0.006891634060914198
2017-08-22,0.008550065266295388
2017-08-23,-0.001535778096891908
2017-08-24,-0.004012284179137904
2017-08-25,0.008037740746942301
2017-08-28,-0.0013567446175236642
2017-08-29,-0.00226717434541431
2017-08-30,-0.005850269333945501
2017-08-31,-0.004755554260971777
2017-09-01,8.495847960328855e-06
2017-09-05,-0.010832414275185184
2017-09-06,-0.012513864042662302
2017-09-07,-0.022728104272730233
2017-09-08,-0.0008366165669536629
2017-09-11,0.004183305100477301
2017-09-12,0.013227400677559675
2017-09-13,0.00860891597618004
2017-09-14,-0.004688993599162268
2017-09-15,0.019121476222222634
2017-09-18,0.0073521190324130625
2017-09-19,0.022738779954756334
2017-09-20,0.004784254842097694
2017-09-21,-0.007280820717612527
2017-09-22,0.012992482313516943
2017-09-25,0.009156085341625559
2017-09-26,-0.009421843004345417
2017-09-27,0.0008608815426997355
2017-09-28,0.0039695003641655085
2017-09-29,0.0027596471699387797
2017-10-02,-0.00189678744984223
2017-10-03,0.009616019508068563
2017-10-04,0.0006720600843395097
2017-10-05,-0.0006996271023059404
2017-10-06,-0.021953072211138475
2017-10-09,-0.0033709250888961
2017-10-10,0.004092908871695444
2017-10-11,-0.007267300600633963
2017-10-12,-0.044153152557368805
2017-10-13,-0.00635267604897279
2017-10-16,0.010378738485225561
2017-10-17,0.0032546377318093027
2017-10-18,-0.007846734476473658
2017-10-19,0.0034635523169255222
2017-10-20,-0.0006343241806514578
2017-10-23,-0.009074041061953086
2017-10-24,-0.007716092008935156
2017-10-25,-0.028243356597229725
2017-10-26,0.005495491093177854
2017-10-27,0.0056039403336816855
2017-10-30,-0.015532468384649166
2017-10-31,0.0024652091176458057
2017-11-01,-0.0022597109370319592
2017-11-02,-0.010129495930642643
2017-11-03,0.0023318643993579156
2017-11-06,-0.02209434233896479
2017-11-07,0.004553346294005648
2017-11-08,0.006654302587102497
2017-11-09,0.00830461748099002
2017-11-10,0.0029085039829110553
2017-11-13,-0.001939626956816746
2017-11-14,-0.012727489728485438
2017-11-15,0.0009501720342535528
2017-11-16,0.018987333991748567
2017-11-17,0.004646425535501578
2017-11-20,0.008235699873718009
2017-11-21,-0.006110427934908384
2017-11-22,0.01712713638728639
2017-11-24,-0.0017840605415199533
2017-11-27,0.0021192424275107884
2017-11-28,0.022338320762713915
2017-11-29,0.027325090467423298
2017-11-30,0.0047857410727889516
2017-12-01,0.004557037562611313
2017-12-04,0.01712083750974506
2017-12-05,-0.018034959178691874
2017-12-06,-0.00959662770459028
2017-12-07,-0.0006023499041303281
2017-12-08,0.014751088552226102
2017-12-11,0.007978904957683497
2017-12-12,0.030360772357723647
2017-12-13,-0.0029299214078781777
2017-12-14,-0.008723937287058225
2017-12-15,0.010934004876327638
2017-12-18,0.007506079139633895
2017-12-19,-0.009736058925925179
2017-12-20,0.008381830197919974
2017-12-21,0.007222887075474101
2017-12-22,0.0021606684972087136
2017-12-26,0.0022424479965562996
2017-12-27,-0.0025257204585858633
2017-12-28,0.0059097249731088946
2017-12-29,-0.00822399141219628
2018-01-02,-0.0020513285010070135
2018-01-03,-0.02224500191351349
2018-01-04,0.007278238646490612
2018-01-05,0.0016956840771128838
2018-01-08,0.0013510944381206478
2018-01-09,-0.01820896652016194
2018-01-10,-0.01495409648045487
2018-01-11,0.00015975590312322665
2018-01-12,0.006076257377275536
2018-01-16,-0.004537544796967477
2018-01-17,0.0027473500692056785
2018-01-18,0.004331765205470887
2018-01-19,0.0034045530675571958
2018-01-22,0.021777902282067958
2018-01-23,-0.013404871247001736
2018-01-24,0.0031520973741963054
2018-01-25,0.008173907544501017
2018-01-26,0.009226702302482495
2018-01-29,-0.013465374869985372
2018-01-30,0.0018042685453668605
2018-01-31,0.001229392300820938
2018-02-01,0.03185850249832719
2018-02-02,-0.026659480772088573
2018-02-05,-0.040820078409534014
2018-02-06,0.005818221461785751
2018-02-07,0.0029905238352427124
2018-02-08,-0.0374242450704099
2018-02-09,0.014705970030833107
2018-02-12,0.00745472907516187
2018-02-13,0.00401636791323782
2018-02-14,-0.007254767599527515
2018-02-15,0.01235140169689693
2018-02-16,0.005270143484859953
2018-02-20,-0.014817010107713005
2018-02-21,-0.014881424259425622
2018-02-22,0.002312145123537316
2018-02-23,0.007494553606524364
2018-02-26,0.01895719594142934
2018-02-27,-0.017629850646058043
2018-02-28,-0.012388080902656121
2018-03-01,-0.003973543562986403
2018-03-02,0.008566552373891811
2018-03-05,0.009527237930413952
2018-03-06,0.004319881647691111
2018-03-07,0.00038236056806835916
2018-03-08,0.004772641659664141
2018-03-09,-0.0010778765831312616
2018-03-12,0.004149767740442141
2018-03-13,-0.0004892582581528618
2018-03-14,-0.007789160869371166
2018-03-15,-0.0009207569871712006
2018-03-16,0.0011437975001346392
2018-03-19,-0.009283657627973932
2018-03-20,-0.008651902124880873
2018-03-21,-0.00910311769750364
2018-03-22,-0.01448674562887764
2018-03-23,-0.01682351256327145
2018-03-26,0.005424640921194064
2018-03-27,0.005735341517387009
2018-03-28,0.017469001325767525
2018-03-29,0.0004372890888637941
2018-04-02,-0.014885765519717173
2018-04-03,0.007531371653509034
2018-04-04,0.012630209960864983
2018-04-05,0.006986839704843373
2018-04-06,-0.01465937850561494
2018-04-09,-0.012538459058801391
2018-04-10,0.0217223443505797
2018-04-11,-0.01519025758429604
2018-04-12,-0.0005812085058685136
2018-04-13,-0.0009378000129953712
2018-04-16,0.014591475235679791
2018-04-17,-0.0020688620261535284
2018-04-18,-0.004397484527233468
2018-04-19,-0.008686884783247787
2018-04-20,-0.006519789354326214
2018-04-23,0.009519158568139858
2018-04-24,0.009020599884293748
2018-04-25,0.006695236177821269
2018-04-26,-0.04203486965463018
2018-04-27,0.010916406809078275
2018-04-30,-0.021209799229144306
2018-05-01,-0.0068418492388822765
2018-05-02,-0.017139799409476852
2018-05-03,-0.00186704902130493
2018-05-04,0.006613178346523381
2018-05-07,-0.00525610807562323
2018-05-08,-0.012032937039469541
2018-05-09,-0.010846224686365239
2018-05-10,0.01608442763509051
2018-05-11,0.018602067073559676
2018-05-14,-0.0029558882873513084
2018-05-15,-0.006883025279992886
2018-05-16,0.004850977014953184
2018-05-17,-0.007706386489317578
2018-05-18,0.0017391972142124883
2018-05-21,0.016050212180250968
2018-05-22,-0.0006575288863185741
2018-05-23,-0.003558134100377123
2018-05-24,0.009622313250575202
2018-05-25,-0.00631352156321252
2018-05-29,-0.005889578102630429
2018-05-30,0.007715215539609558
2018-05-31,-0.011495784325245634
2018-06-01,0.00407301192674329
2018-06-04,-0.001162185954004228
2018-06-05,0.006599429027215775
2018-06-06,0.017337352233014542
2018-06-07,0.012719354646935669
2018-06-08,0.0015505872632253965
2018-06-11,0.007710570009902422
2018-06-12,2.7298504398458253e-06
2018-06-13,-0.050968330099154725
2018-06-14,0.00916091114096925
2018-06-15,0.014588069343679585
2018-06-18,-0.023467648847688517
2018-06-19,0.011446469792517991
2018-06-20,-0.010845038295091276
2018-06-21,-0.004590351424412553
2018-06-22,0.009644295901802158
2018-06-25,-0.0006510687504925894
2018-06-26,-0.003908276619769927
2018-06-27,0.0007001243211411563
2018-06-28,0.02185233633302282
2018-06-29,-0.0052614956475452255
2018-07-02,0.0028050110904832928
2018-07-03,0.012199870256768495
2018-07-05,0.0015713567579616061
2018-07-06,0.0029360438221209444
2018-07-09,-0.015603418296196788
2018-07-10,0.011199309830884463
2018-07-11,-0.012923076923076888
2018-07-12,0.006881326705153142
2018-07-13,-0.010477504057205229
2018-07-16,0.006008683736666186
2018-07-17,-0.003959601900929662
2018-07-18,-0.002929115622336368
2018-07-19,-0.011792540771554411
2018-07-20,-0.004478205869425822
2018-07-23,-0.0012875710959028286
2018-07-24,0.019615445733354536
2018-07-25,-0.03397533380789056
2018-07-26,0.003971682323854697
2018-07-27,0.021440902981777178
2018-07-30,0.022810351208736163
2018-07-31,-0.006022853559408162
2018-08-01,-0.0008787567999014219
2018-08-02,0.0005659964597951964
2018-08-03,0.010650898415423216
2018-08-06,-0.0019662433464124147
2018-08-07,0.005893937063397396
2018-08-08,0.0007019261392964271
2018-08-09,0.004638987857194779
2018-08-10,-0.008114986579824493
2018-08-13,-0.002621480472431973
2018-08-14,0.004770037906717262
2018-08-15,0.007088762595269656
2018-08-16,0.01917848458393201
2018-08-17,0.0019850825899156987
2018-08-20,0.0007629567778225285
2018-08-21,0.007424971462504241
2018-08-22,-0.019045573031682007
2018-08-23,-0.0030140061797864584
2018-08-24,0.00614836876286177
2018-08-27,0.004306665163327153
2018-08-28,-0.004464496856035671
2018-08-29,-0.009466629289746176
2018-08-30,-0.0044853536045297284
2018-08-31,-0.0027307345749919922
2018-09-04,-0.008904179242646155
2018-09-05,0.007296091296206045
2018-09-06,0.006242188994816322
2018-09-07,-0.0030235692633187408
2018-09-10,0.006344725796780655
2018-09-11,0.009458587106009256
2018-09-12,0.016827465242537015
2018-09-13,0.005004597651345717
2018-09-14,-0.0039497489667702865
2018-09-17,0.0013134156809682847
2018-09-18,9.385464167210877e-05
2018-09-19,-0.012374165144881986
2018-09-20,0.004202200009895647
2018-09-21,0.009682232795739468
2018-09-24,-0.0028245544978436894
2018-09-25,-0.005999661221348836
2018-09-26,-0.007530862267406845
2018-09-27,0.0042220327547931955
2018-09-28,0.0019476883893627672
2018-10-01,0.0010227370464743015
2018-10-02,0.01215065566281274
2018-10-03,-0.000796275878966098
2018-10-04,0.008412919900232888
2018-10-05,-0.003024726949267994
2018-10-08,0.0028390114097028483
2018-10-09,-0.01210396454006594
2018-10-10,-0.01693605078806726
2018-10-11,-0.028459039283301957
2018-10-12,0.012998843923808234
2018-10-15,0.0014674001647629145
2018-10-16,0.0012399375188335189
2018-10-17,0.005318751582254515
2018-10-18,0.0028296052242763694
2018-10-19,0.009114598728505358
2018-10-22,-0.0035706521006285317
2018-10-23,0.020662196257729654
2018-10-24,-0.05248126304408799
2018-10-25,-0.014091439128920375
2018-10-26,-0.025225433333762853
2018-10-29,0.018429336875763758
2018-10-30,0.028701516084101465
2018-10-31,-0.0016503035274604652
2018-11-01,-0.010200923250791027
2018-11-02,0.004105253990550098
2018-11-05,0.005816769728496688
2018-11-06,0.007182500816193352
2018-11-07,0.0055782969223049745
2018-11-08,0.002298677479597888
2018-11-09,-0.006430287788155242
2018-11-12,0.0034375293664799704
2018-11-13,-0.010087188148998042
2018-11-14,0.005547568630506131
2018-11-15,-0.007730030495044281
2018-11-16,0.010138262866685658
2018-11-19,0.003590401205187277
2018-11-20,-0.02680686901650179
2018-11-21,0.006249309729098133
2018-11-23,-0.012111410226506301
2018-11-26,0.016409644958756298
2018-11-27,0.019244625781857705
2018-11-28,0.003327653154485355
2018-11-29,-0.007072339212872721
2018-11-30,0.019377184398218672
2018-12-03,-0.0017998639608897877
2018-12-04,-0.021004576955504728
2018-12-06,-0.004396247609688708
2018-12-07,-0.01081189767429828
2018-12-10,-0.001677753777179713
2018-12-11,-0.001362820800368055
2018-12-12,0.0012628884903027973
2018-12-13,-0.006457669720732472
2018-12-14,0.006851230400490848
2018-12-17,-0.014540685908260334
2018-12-18,-0.004243215434314569
2018-12-19,0.002826489086200571
2018-12-20,-0.030871108018201143
2018-12-21,-0.008819511852966661
2018-12-24,-0.03372120684795128
2018-12-26,0.026277758486697333
2018-12-27,0.0060092119852099835
2018-12-28,0.008066916912645345
2018-12-31,0.0076034245395895095
2019-01-02,0.02217321064317442
2019-01-03,0.0020927819327510497
2019-01-04,0.0179587628915574
2019-01-07,0.01421442561154181
2019-01-08,0.018172487631087954
2019-01-09,-0.03274311497093888
2019-01-10,0.009858073633219888
2019-01-11,0.01273757309941533
2019-01-14,-0.005341533537299935
2019-01-15,-3.335437022348546e-05
2019-01-16,-0.006723439040944449
2019-01-17,0.0002852614315538293
2019-01-18,0.008487592283155024
2019-01-22,-0.008766474622100449
2019-01-23,0.011261943881701727
2019-01-24,-0.010240762130061495
2019-01-25,-0.0026061332774451143
2019-01-28,-0.007643081520959605
2019-01-29,-0.010182592204086719
2019-01-30,-0.024377145875517165
2019-01-31,0.022205450257884708
2019-02-01,-0.004418212853866047
2019-02-04,-0.011783073632752808
2019-02-05,0.0010671253643362484
2019-02-06,-0.0037298873438999327
2019-02-07,-0.003844156467084173
2019-02-08,0.004628231323671035
2019-02-11,0.004227557111172804
2019-02-12,0.004525751189445278
2019-02-13,0.0010384277442052614
2019-02-14,-0.0038703727761964695
2019-02-15,0.022189070175167174
2019-02-19,0.005192758459265108
2019-02-20,0.006712335801464241
2019-02-21,0.0018992215615739234
2019-02-22,0.011490756335045038
2019-02-25,-0.001247900519892764
2019-02-26,0.0011055155802037013
2019-02-27,-0.00294580348924045
2019-02-28,0.0024631943693917227
2019-03-01,-0.006192488322280365
2019-03-04,-0.022383502613945394
2019-03-05,-0.0016154281453955401
2019-03-06,-0.005493860825261969
2019-03-07,0.006171710424000887
2019-03-08,0.0022530181134297056
2019-03-11,0.011976894561776197
2019-03-12,0.008176425636184035
2019-03-13,-0.006282845395759369
2019-03-14,0.0016764943924153137
2019-03-15,0.011117443217155612
2019-03-18,0.000998982980602155
2019-03-19,-0.005869315805599647
2019-03-20,-0.0027085388205505545
2019-03-21,0.015601525506574601
2019-03-22,0.00862088297328108
2019-03-25,-0.004652160119216652
2019-03-26,0.016484484414742706
2019-03-27,0.0015868389520385198
2019-03-28,-0.0181357081279242
2019-03-29,0.0078065578397223945
2019-04-01,0.01231702515269591
2019-04-02,-0.00983612259417373
2019-04-03,0.0069948177245958325
2019-04-04,0.002980477762281201
2019-04-05,0.008278221580186798
2019-04-08,0.0010499618592791915
2019-04-09,-0.017288016293196245
2019-04-10,0.003928288929637258
2019-04-11,0.006407395189162409
2019-04-12,0.0010245901639344504
2019-04-15,-0.0038969498178096362
2019-04-16,0.005242883704128953
2019-04-17,-0.011928147881501722
2019-04-18,0.003169217218622622
2019-04-22,0.0029359356776923473
2019-04-23,-0.0065514216856351615
2019-04-24,-0.027614928196280825
2019-04-25,-0.016926324380657592
2019-04-26,0.011827793905222483
2019-04-29,0.005877690997305655
2019-04-30,0.00377966087274643
2019-05-01,-0.007565748997817552
2019-05-02,-0.0009089686000048521
2019-05-03,0.0032040258093185186
2019-05-06,-0.004310440979975794
2019-05-07,-0.002947633268421586
2019-05-08,-0.006493922764652067
2019-05-09,0.002351402220746923
2019-05-10,0.0078043942606741785
2019-05-13,-0.004202991549370576
2019-05-14,0.012390512417548403
2019-05-15,0.004963466588781366
2019-05-16,0.011237814938684549
2019-05-17,0.007919616198720872
2019-05-20,0.013455265143763976
2019-05-21,0.0073241728659572125
2019-05-22,-0.00407463201263214
2019-05-23,-0.005029201240203118
2019-05-24,0.005244523078582919
2019-05-28,-0.010339419526036378
2019-05-29,-0.0035392101816457133
2019-05-30,-0.008779221323924502
2019-05-31,-0.04133015369421703
2019-06-03,0.023568546684773185
2019-06-04,0.007416855701213864
2019-06-05,0.00903805480104706
2019-06-06,0.011819271090707238
2019-06-07,0.006361767027569557
2019-06-10,-0.017838257602887708
2019-06-11,0.007795027282614016
2019-06-12,0.004562024212220406
2019-06-13,0.0037897732969388214
2019-06-14,0.0050568923229038125
2019-06-17,-0.0047480814430646
2019-06-18,0.001154369526105703
2019-06-19,0.0011277646472291902
2019-06-20,0.0009967046765061067
2019-06-21,0.000655824886215998
2019-06-24,0.005555779302636324
2019-06-25,-0.0021584076076072893
2019-06-26,-0.006214223917227183
2019-06-27,0.010742991010534034
2019-06-28,0.010014873819693978
2019-07-01,-0.004333848387547393
2019-07-02,0.016824365006852617
2019-07-03,0.0027580772261622437
2019-07-05,0.007310372140191257
2019-07-08,-0.0033727776825015487
2019-07-09,-0.022341860706541795
2019-07-10,0.007859267577361365
2019-07-11,-0.006392006873423635
2019-07-12,0.00536678121381895
2019-07-15,0.0034618319529775565
2019-07-16,-0.0035550862952698674
2019-07-17,-0.007456163875217488
2019-07-18,-0.0034657511817854183
2019-07-19,-0.009656544161999828
2019-07-22,-0.0198391764197845
2019-07-23,-0.0009500817343954434
2019-07-24,0.02683514334870929
2019-07-25,0.013754682487416476
2019-07-26,0.010962470175426656
2019-07-29,0.005402655952294314
2019-07-30,-0.00740576882489082
2019-07-31,-0.010540775687266227
2019-08-01,0.001310223535757863
2019-08-02,0.0029675340572690905
2019-08-05,-0.015485622794464488
2019-08-06,0.008329828437275625
2019-08-07,0.0022052978928033262
2019-08-08,0.013812199549902832
2019-08-09,-0.00023886301206258823
2019-08-12,-0.0016959047693987372
2019-08-13,0.011417404683450316
2019-08-14,-0.018569221003225184
2019-08-15,0.008358748863118787
2019-08-16,0.014302866918182684
2019-08-19,0.009875652673501692
2019-08-20,-0.011806220847011143
2019-08-21,0.00532615402967577
2019-08-22,0.005480177524527452
2019-08-23,-0.015786222545186024
2019-08-26,0.006815177558707086
2019-08-27,-0.001245422721066684
2019-08-28,0.009097043910705352
2019-08-29,0.003565667554488431
2019-08-30,0.0033519739604073173
2019-09-03,0.0015811019886854774
2019-09-04,0.00721067593780463
2019-09-05,0.005521857421799521
2019-09-06,0.009361048381112697
2019-09-09,0.007673443332515923
2019-09-10,0.02028207139232041
2019-09-11,0.022922987687488572
2019-09-12,-0.0045320837720303295
2019-09-13,-0.01075650559560267
2019-09-16,-0.013108566119902743
2019-09-17,-0.0006074174510330246
2019-09-18,-0.00684211797490423
2019-09-19,0.007351007562262331
2019-09-20,0.015361199358960851
2019-09-23,-0.005893814586513612
2019-09-24,-0.002239855541067204
2019-09-25,-0.0013220955214013896
2019-09-26,0.0009402134837674936
2019-09-27,0.00011962686804101179
2019-09-30,0.007634195218581589
2019-10-01,-0.010392192300741138
2019-10-02,-0.011116091038430956
2019-10-03,0.002543540750580275
2019-10-04,0.010763705530120921
2019-10-07,0.004613646340571487
2019-10-08,-0.00611863150603531
2019-10-09,-0.010439325175257547
2019-10-10,0.010091194525685113
2019-10-11,0.003407659667829558
2019-10-14,-0.003786867305215417
2019-10-15,0.012963764001506856
2019-10-16,-0.0033662404214663817
2019-10-17,0.0010162869701561363
2019-10-18,0.015168557190737323
2019-10-21,-0.00579708663930134
2019-10-22,-0.0009365593492853078
2019-10-23,-0.006906893222708617
2019-10-24,-0.01789412122178613
2019-10-25,0.00047405229441477287
2019-10-28,0.027488798754649824
2019-10-29,-0.007392432557700612
2019-10-30,0.005941220001320616
2019-10-31,0.003142853371577418
2019-11-01,0.007416199901384535
2019-11-04,-0.003787710771452272
2019-11-05,0.0027398439311575222
2019-11-06,0.004890998012684851
2019-11-07,0.0022174178169521346
2019-11-08,-0.0042900872442048765
2019-11-11,0.0012909732987106772
2019-11-12,-0.005008325288137401
2019-11-13,0.00033553334408679503
2019-11-14,-0.0039678275485812336
2019-11-15,0.010368727230457711
2019-11-18,0.0018020018619003448
2019-11-19,-0.027083830728088655
2019-11-20,-0.01449800973020787
2019-11-21,0.008259466810498939
2019-11-22,0.003442440877524211
2019-11-25,-0.010717577839969702
2019-11-26,0.00536783718632224
2019-11-27,0.005803390589223337
2019-11-29,-0.004180145853564853
2019-12-02,-0.002619449080794774
2019-12-03,0.005109277329342484
2019-12-04,0.011926380980257592
2019-12-05,0.0031718073899278383
2019-12-06,0.00220240748638593
2019-12-09,-0.003772873494768033
2019-12-10,0.0015524969819580292
2019-12-11,0.001110189100321975
2019-12-12,0.003634989368727304
2019-12-13,-0.0035262831116565545
2019-12-16,0.008052383603716146
2019-12-17,-0.00013937877778391616
2019-12-18,0.0007406546941431578
2019-12-19,0.0029410379184423205
2019-12-20,0.010730165141211574
2019-12-23,-0.004960370002063766
2019-12-24,-0.002528438752571619
2019-12-26,0.0034767086101116598
2019-12-27,0.0026672039739406754
2019-12-30,-0.005131465005592251
2019-12-31,0.0017177494302066016
2020-01-02,-0.005653093906872149
2020-01-03,-0.00011788328823840001
2020-01-06,-3.472893346852705e-05
2020-01-07,-0.001148002502521043
2020-01-08,0.0026534290884738057
2020-01-09,-0.0144530018306952
2020-01-10,-0.00315891354045313
2020-01-13,-0.007219649629126208
2020-01-14,-0.0007948710553192054
2020-01-15,-0.0035117760602652775
2020-01-16,0.006031543480524185
2020-01-17,0.008705195900031862
2020-01-21,0.003485095592633621
2020-01-22,0.0098838271574333
2020-01-23,-0.006836022204874595
2020-01-24,-0.0035105149816743913
2020-01-27,-0.006375011849464392
2020-01-28,0.010147116098985071
2020-01-29,-0.032863610393004415
2020-01-30,0.005885705835311043
2020-01-31,0.003833331052945995
2020-02-03,-0.019490881758006468
2020-02-04,0.013463259393491947
2020-02-05,0.007992513355770114
2020-02-06,0.012855734310480482
2020-02-07,0.0029773784131137404
2020-02-10,-0.00023890383664985454
2020-02-11,-0.011532811546372349
2020-02-12,-0.004883141319740028
2020-02-13,0.007136120171776264
2020-02-14,-0.0018397943994821937
2020-02-18,-0.003243927168847064
2020-02-19,0.004920812976881331
2020-02-20,0.0022040145069124697
2020-02-21,-0.000404796583140632
2020-02-24,-0.009849528215688075
2020-02-25,-0.017265426387575517
2020-02-26,-0.004345580266912637
2020-02-27,-0.036752089176786
2020-02-28,-0.014964414567869825
